{"polyfill":["/polyfill-f878f9203c1dcd484fe7.js"],"app":["/app-4d60f19cddd8f21aa00f.js"],"component---src-pages-404-js":["/component---src-pages-404-js-9dee71d0b0170be5c9e4.js"],"component---src-pages-administrador-js":["/component---src-pages-administrador-js-f43c04d86cc7ea485875.js"],"component---src-pages-index-js":["/component---src-pages-index-js-605fcf881897d10ee184.js"],"component---src-pages-login-js":["/component---src-pages-login-js-6151182dc9e50c7871ed.js"],"component---src-pages-menullorona-js":["/component---src-pages-menullorona-js-e521f6bca0e606b8b468.js"],"component---src-pages-reserva-js":["/component---src-pages-reserva-js-2c275781497714442377.js"],"polyfills-dom":["/polyfills-dom-c9762ec243a319b22ca6.js"],"polyfills-core-js":["/polyfills-core-js-d31b0b25f20a99ed1ba9.js"],"polyfills-css-shim":["/polyfills-css-shim-e3540abe0a8b845b006f.js"]}