{"name":"build-javascript","namedChunkGroups":{"polyfill":{"name":"polyfill","assets":[{"name":"webpack-runtime-beba88318ce1fa9764c8.js","size":5177},{"name":"polyfill-772948ce00b99e99b427.js","size":85832}],"filteredAssets":0,"assetsSize":91009,"filteredAuxiliaryAssets":2,"auxiliaryAssetsSize":228218},"app":{"name":"app","assets":[{"name":"webpack-runtime-beba88318ce1fa9764c8.js","size":5177},{"name":"framework-e0d74556246a759eabb2.js","size":130442},{"name":"styles.0143db8708a3a0a8f05d.css","size":150176},{"name":"app-913ea70c618e213fb89c.js","size":68776}],"filteredAssets":0,"assetsSize":354571,"filteredAuxiliaryAssets":3,"auxiliaryAssetsSize":664317},"component---src-pages-404-js":{"name":"component---src-pages-404-js","assets":[{"name":"component---src-pages-404-js-45464cecaf155e74a141.js","size":796}],"filteredAssets":0,"assetsSize":796,"filteredAuxiliaryAssets":1,"auxiliaryAssetsSize":1865},"component---src-pages-index-js":{"name":"component---src-pages-index-js","assets":[{"name":"framework-e0d74556246a759eabb2.js","size":130442},{"name":"styles.0143db8708a3a0a8f05d.css","size":150176},{"name":"cb355538-b796bee52aad2726842e.js","size":2340},{"name":"95604a93b2d03d7aba5a58fdf803987050322057-9b9edc6c1e8ac8fd3fe3.js","size":139162},{"name":"component---src-pages-index-js-5bddf9f353ca002ac82a.js","size":5026}],"filteredAssets":0,"assetsSize":427146,"filteredAuxiliaryAssets":4,"auxiliaryAssetsSize":2383408},"component---src-pages-reserva-js":{"name":"component---src-pages-reserva-js","assets":[{"name":"framework-e0d74556246a759eabb2.js","size":130442},{"name":"cb355538-b796bee52aad2726842e.js","size":2340},{"name":"95604a93b2d03d7aba5a58fdf803987050322057-9b9edc6c1e8ac8fd3fe3.js","size":139162},{"name":"component---src-pages-reserva-js-0f1ec324d5de0eb8932c.js","size":26112}],"filteredAssets":0,"assetsSize":298056,"filteredAuxiliaryAssets":4,"auxiliaryAssetsSize":2437345}},"assetsByChunkName":{"polyfill":["webpack-runtime-beba88318ce1fa9764c8.js","polyfill-772948ce00b99e99b427.js"],"app":["webpack-runtime-beba88318ce1fa9764c8.js","framework-e0d74556246a759eabb2.js","styles.0143db8708a3a0a8f05d.css","app-913ea70c618e213fb89c.js"],"component---src-pages-404-js":["component---src-pages-404-js-45464cecaf155e74a141.js"],"component---src-pages-index-js":["framework-e0d74556246a759eabb2.js","styles.0143db8708a3a0a8f05d.css","cb355538-b796bee52aad2726842e.js","95604a93b2d03d7aba5a58fdf803987050322057-9b9edc6c1e8ac8fd3fe3.js","component---src-pages-index-js-5bddf9f353ca002ac82a.js"],"component---src-pages-reserva-js":["framework-e0d74556246a759eabb2.js","cb355538-b796bee52aad2726842e.js","95604a93b2d03d7aba5a58fdf803987050322057-9b9edc6c1e8ac8fd3fe3.js","component---src-pages-reserva-js-0f1ec324d5de0eb8932c.js"]},"childAssetsByChunkName":{}}