{"name":"build-javascript","namedChunkGroups":{"polyfill":{"name":"polyfill","assets":[{"name":"webpack-runtime-f5e50df1cd4336d09409.js","size":6797},{"name":"polyfill-f878f9203c1dcd484fe7.js","size":85833}],"filteredAssets":0,"assetsSize":92630,"filteredAuxiliaryAssets":2,"auxiliaryAssetsSize":231086},"app":{"name":"app","assets":[{"name":"webpack-runtime-f5e50df1cd4336d09409.js","size":6797},{"name":"framework-f993991af53db512bb30.js","size":130443},{"name":"styles.38130639cf6a9ba5e20a.css","size":151735},{"name":"app-4d60f19cddd8f21aa00f.js","size":69153}],"filteredAssets":0,"assetsSize":358128,"filteredAuxiliaryAssets":3,"auxiliaryAssetsSize":667728},"component---src-pages-404-js":{"name":"component---src-pages-404-js","assets":[{"name":"component---src-pages-404-js-9dee71d0b0170be5c9e4.js","size":797}],"filteredAssets":0,"assetsSize":797,"filteredAuxiliaryAssets":1,"auxiliaryAssetsSize":1865},"component---src-pages-administrador-js":{"name":"component---src-pages-administrador-js","assets":[{"name":"1ec98f3e-528df2168b125c2c3b7c.js","size":11900},{"name":"component---src-pages-administrador-js-f43c04d86cc7ea485875.js","size":331231}],"filteredAssets":0,"assetsSize":343131,"filteredAuxiliaryAssets":2,"auxiliaryAssetsSize":1579948},"component---src-pages-index-js":{"name":"component---src-pages-index-js","assets":[{"name":"framework-f993991af53db512bb30.js","size":130443},{"name":"styles.38130639cf6a9ba5e20a.css","size":151735},{"name":"cb355538-b4f2d1a32e8c1cdf19a4.js","size":2341},{"name":"ba01c6a13125fdd31f7fa8f0213a2f2328d6fa0d-5aba984053e36d9cc9cc.js","size":10740},{"name":"9c74cd828236d32bd54e3620588b675763cd90f8-5f58d8473bf520f4f049.js","size":51644},{"name":"95604a93b2d03d7aba5a58fdf803987050322057-6b6393dddbd78f3464f6.js","size":77533},{"name":"component---src-pages-index-js-605fcf881897d10ee184.js","size":8850}],"filteredAssets":0,"assetsSize":433286,"filteredAuxiliaryAssets":6,"auxiliaryAssetsSize":2400037},"component---src-pages-login-js":{"name":"component---src-pages-login-js","assets":[{"name":"component---src-pages-login-js-6151182dc9e50c7871ed.js","size":266}],"filteredAssets":0,"assetsSize":266,"filteredAuxiliaryAssets":1,"auxiliaryAssetsSize":316},"component---src-pages-menullorona-js":{"name":"component---src-pages-menullorona-js","assets":[{"name":"cb355538-b4f2d1a32e8c1cdf19a4.js","size":2341},{"name":"9c74cd828236d32bd54e3620588b675763cd90f8-5f58d8473bf520f4f049.js","size":51644},{"name":"component---src-pages-menullorona-js-e521f6bca0e606b8b468.js","size":11207}],"filteredAssets":0,"assetsSize":65192,"filteredAuxiliaryAssets":3,"auxiliaryAssetsSize":1643012},"component---src-pages-reserva-js":{"name":"component---src-pages-reserva-js","assets":[{"name":"framework-f993991af53db512bb30.js","size":130443},{"name":"cb355538-b4f2d1a32e8c1cdf19a4.js","size":2341},{"name":"ba01c6a13125fdd31f7fa8f0213a2f2328d6fa0d-5aba984053e36d9cc9cc.js","size":10740},{"name":"9c74cd828236d32bd54e3620588b675763cd90f8-5f58d8473bf520f4f049.js","size":51644},{"name":"95604a93b2d03d7aba5a58fdf803987050322057-6b6393dddbd78f3464f6.js","size":77533},{"name":"component---src-pages-reserva-js-2c275781497714442377.js","size":26113}],"filteredAssets":0,"assetsSize":298814,"filteredAuxiliaryAssets":6,"auxiliaryAssetsSize":2438535},"polyfills-dom":{"name":"polyfills-dom","assets":[{"name":"polyfills-dom-c9762ec243a319b22ca6.js","size":37025}],"filteredAssets":0,"assetsSize":37025,"filteredAuxiliaryAssets":1,"auxiliaryAssetsSize":104654},"polyfills-core-js":{"name":"polyfills-core-js","assets":[{"name":"ba01c6a13125fdd31f7fa8f0213a2f2328d6fa0d-5aba984053e36d9cc9cc.js","size":10740},{"name":"polyfills-core-js-d31b0b25f20a99ed1ba9.js","size":80875}],"filteredAssets":0,"assetsSize":91615,"filteredAuxiliaryAssets":2,"auxiliaryAssetsSize":321026},"polyfills-css-shim":{"name":"polyfills-css-shim","assets":[{"name":"polyfills-css-shim-e3540abe0a8b845b006f.js","size":8670}],"filteredAssets":0,"assetsSize":8670,"filteredAuxiliaryAssets":1,"auxiliaryAssetsSize":26314}},"assetsByChunkName":{"polyfill":["webpack-runtime-f5e50df1cd4336d09409.js","polyfill-f878f9203c1dcd484fe7.js"],"app":["webpack-runtime-f5e50df1cd4336d09409.js","framework-f993991af53db512bb30.js","styles.38130639cf6a9ba5e20a.css","app-4d60f19cddd8f21aa00f.js"],"component---src-pages-404-js":["component---src-pages-404-js-9dee71d0b0170be5c9e4.js"],"component---src-pages-administrador-js":["1ec98f3e-528df2168b125c2c3b7c.js","component---src-pages-administrador-js-f43c04d86cc7ea485875.js"],"component---src-pages-index-js":["framework-f993991af53db512bb30.js","styles.38130639cf6a9ba5e20a.css","cb355538-b4f2d1a32e8c1cdf19a4.js","ba01c6a13125fdd31f7fa8f0213a2f2328d6fa0d-5aba984053e36d9cc9cc.js","9c74cd828236d32bd54e3620588b675763cd90f8-5f58d8473bf520f4f049.js","95604a93b2d03d7aba5a58fdf803987050322057-6b6393dddbd78f3464f6.js","component---src-pages-index-js-605fcf881897d10ee184.js"],"component---src-pages-login-js":["component---src-pages-login-js-6151182dc9e50c7871ed.js"],"component---src-pages-menullorona-js":["cb355538-b4f2d1a32e8c1cdf19a4.js","9c74cd828236d32bd54e3620588b675763cd90f8-5f58d8473bf520f4f049.js","component---src-pages-menullorona-js-e521f6bca0e606b8b468.js"],"component---src-pages-reserva-js":["framework-f993991af53db512bb30.js","cb355538-b4f2d1a32e8c1cdf19a4.js","ba01c6a13125fdd31f7fa8f0213a2f2328d6fa0d-5aba984053e36d9cc9cc.js","9c74cd828236d32bd54e3620588b675763cd90f8-5f58d8473bf520f4f049.js","95604a93b2d03d7aba5a58fdf803987050322057-6b6393dddbd78f3464f6.js","component---src-pages-reserva-js-2c275781497714442377.js"],"polyfills-dom":["polyfills-dom-c9762ec243a319b22ca6.js"],"polyfills-core-js":["ba01c6a13125fdd31f7fa8f0213a2f2328d6fa0d-5aba984053e36d9cc9cc.js","polyfills-core-js-d31b0b25f20a99ed1ba9.js"],"polyfills-css-shim":["polyfills-css-shim-e3540abe0a8b845b006f.js"]},"childAssetsByChunkName":{}}