{"name":"build-javascript","namedChunkGroups":{"polyfill":{"name":"polyfill","assets":[{"name":"webpack-runtime-e49c4d1a4f315e98c469.js","size":5321},{"name":"polyfill-772948ce00b99e99b427.js","size":85832}],"filteredAssets":0,"assetsSize":91153,"filteredAuxiliaryAssets":2,"auxiliaryAssetsSize":228434},"app":{"name":"app","assets":[{"name":"webpack-runtime-e49c4d1a4f315e98c469.js","size":5321},{"name":"framework-e0d74556246a759eabb2.js","size":130442},{"name":"styles.6de1ac7f8033c12beacd.css","size":151741},{"name":"app-d1fe8c22f5faf9a12237.js","size":68915}],"filteredAssets":0,"assetsSize":356419,"filteredAuxiliaryAssets":3,"auxiliaryAssetsSize":664718},"component---src-pages-404-js":{"name":"component---src-pages-404-js","assets":[{"name":"component---src-pages-404-js-45464cecaf155e74a141.js","size":796}],"filteredAssets":0,"assetsSize":796,"filteredAuxiliaryAssets":1,"auxiliaryAssetsSize":1865},"component---src-pages-index-js":{"name":"component---src-pages-index-js","assets":[{"name":"framework-e0d74556246a759eabb2.js","size":130442},{"name":"styles.6de1ac7f8033c12beacd.css","size":151741},{"name":"cb355538-b796bee52aad2726842e.js","size":2340},{"name":"9c74cd828236d32bd54e3620588b675763cd90f8-c932f032d38b2b1a65d5.js","size":51593},{"name":"95604a93b2d03d7aba5a58fdf803987050322057-f33ddd226b99823f352a.js","size":87890},{"name":"component---src-pages-index-js-5bddf9f353ca002ac82a.js","size":5026}],"filteredAssets":0,"assetsSize":429032,"filteredAuxiliaryAssets":5,"auxiliaryAssetsSize":2383100},"component---src-pages-menullorona-js":{"name":"component---src-pages-menullorona-js","assets":[{"name":"cb355538-b796bee52aad2726842e.js","size":2340},{"name":"9c74cd828236d32bd54e3620588b675763cd90f8-c932f032d38b2b1a65d5.js","size":51593},{"name":"component---src-pages-menullorona-js-97dc0245845dc474d1ae.js","size":3960}],"filteredAssets":0,"assetsSize":57893,"filteredAuxiliaryAssets":3,"auxiliaryAssetsSize":1631939},"component---src-pages-reserva-js":{"name":"component---src-pages-reserva-js","assets":[{"name":"framework-e0d74556246a759eabb2.js","size":130442},{"name":"cb355538-b796bee52aad2726842e.js","size":2340},{"name":"9c74cd828236d32bd54e3620588b675763cd90f8-c932f032d38b2b1a65d5.js","size":51593},{"name":"95604a93b2d03d7aba5a58fdf803987050322057-f33ddd226b99823f352a.js","size":87890},{"name":"component---src-pages-reserva-js-0f1ec324d5de0eb8932c.js","size":26112}],"filteredAssets":0,"assetsSize":298377,"filteredAuxiliaryAssets":5,"auxiliaryAssetsSize":2437037}},"assetsByChunkName":{"polyfill":["webpack-runtime-e49c4d1a4f315e98c469.js","polyfill-772948ce00b99e99b427.js"],"app":["webpack-runtime-e49c4d1a4f315e98c469.js","framework-e0d74556246a759eabb2.js","styles.6de1ac7f8033c12beacd.css","app-d1fe8c22f5faf9a12237.js"],"component---src-pages-404-js":["component---src-pages-404-js-45464cecaf155e74a141.js"],"component---src-pages-index-js":["framework-e0d74556246a759eabb2.js","styles.6de1ac7f8033c12beacd.css","cb355538-b796bee52aad2726842e.js","9c74cd828236d32bd54e3620588b675763cd90f8-c932f032d38b2b1a65d5.js","95604a93b2d03d7aba5a58fdf803987050322057-f33ddd226b99823f352a.js","component---src-pages-index-js-5bddf9f353ca002ac82a.js"],"component---src-pages-menullorona-js":["cb355538-b796bee52aad2726842e.js","9c74cd828236d32bd54e3620588b675763cd90f8-c932f032d38b2b1a65d5.js","component---src-pages-menullorona-js-97dc0245845dc474d1ae.js"],"component---src-pages-reserva-js":["framework-e0d74556246a759eabb2.js","cb355538-b796bee52aad2726842e.js","9c74cd828236d32bd54e3620588b675763cd90f8-c932f032d38b2b1a65d5.js","95604a93b2d03d7aba5a58fdf803987050322057-f33ddd226b99823f352a.js","component---src-pages-reserva-js-0f1ec324d5de0eb8932c.js"]},"childAssetsByChunkName":{}}